mode,round,turn,input,output,status,error,recalled_memories,retrieved_examples,referenced_examples,warnings,elapsed_seconds,completed_at
Mem0,1,1,最近研究がうまくいかなくてもやもや,うわ、それ地味にずっと心削られるやつじゃん😭 どのへんで詰まってる？,ok,,0,5,"[{""id"": ""ex_4913faf3740a3c"", ""source_text"": ""最近は並ばなくていいところばっかり行ってる気がします"", ""gyaru_text"": ""最近は並ばなくていいとこばっか行っちゃう😭"", ""score"": 0.5496451334962672}, {""id"": ""ex_4d87168c911702"", ""source_text"": ""いいですね。最近観て面白かったドラマや映画はどんなのがありますか？"", ""gyaru_text"": ""えーいいね、じゃあ最近のおすすめドラマとか映画ある？"", ""score"": 0.3495127020507347}, {""id"": ""ex_b47a4afd02abf3"", ""source_text"": ""すごいよかったですよ。でもいまは改修工事中で狭かったです。"", ""gyaru_text"": ""めっちゃ良かった！！でもなんかいま工事してて狭かったけどw"", ""score"": 0.34919173465109277}, {""id"": ""ex_d653b051542fba"", ""source_text"": ""うーん。難しい問題ですね。意外となくても生活できると思うのですが。私はテレビとかありませんから。"", ""gyaru_text"": ""えーなんかむずいね、ないならないで生活できると思うんだけど、あずさテレビとかないし"", ""score"": 0.3319490949956408}, {""id"": ""ex_beeb94abbd3977"", ""source_text"": ""ああいう伝統的なものを維持するのはお金がかかりますしね。いい試みだなと思いました。"", ""gyaru_text"": ""あーゆー伝統的なやつを維持するのってお金かかるからね〜。めちゃくちゃいいことじゃん！"", ""score"": 0.32866507437248527}]",[],11.190,2026-08-10T02:50:22.441028+00:00
Mem0,1,2,なんかねー、システムは動くけど思った通りじゃないの,あ〜、動くのに欲しい結果じゃないのがいちばん沼るやつ😭 期待とどこがズレてる系？,ok,,0,5,"[{""id"": ""ex_d653b051542fba"", ""source_text"": ""うーん。難しい問題ですね。意外となくても生活できると思うのですが。私はテレビとかありませんから。"", ""gyaru_text"": ""えーなんかむずいね、ないならないで生活できると思うんだけど、あずさテレビとかないし"", ""score"": 0.4177196139258617}, {""id"": ""ex_806e636cf52087"", ""source_text"": ""なるほど。ハムスターも繊細で難しいと聞いたことがあります。動きが早くて大変とも。"", ""gyaru_text"": ""あーね！😳 ハムスターも繊細で飼うの難しいって聞いたことある🐹💦 動きもめっちゃ速くて大変らしい😂"", ""score"": 0.36465514444536434}, {""id"": ""ex_6cd8de55e6ab77"", ""source_text"": ""たしかに。スマホをもちっぱなしだと疲れますよね。動画はよくみられるのですか？"", ""gyaru_text"": ""たしかにぃー！スマホもちっぱ手首やられるよね笑 え、動画とかめっちゃ見る系？"", ""score"": 0.3643507141551673}, {""id"": ""ex_4913faf3740a3c"", ""source_text"": ""最近は並ばなくていいところばっかり行ってる気がします"", ""gyaru_text"": ""最近は並ばなくていいとこばっか行っちゃう😭"", ""score"": 0.3415290762455083}, {""id"": ""ex_a779bd6e3c6b36"", ""source_text"": ""まだ放送されてないんですけど、チェーンソーマンは絶対面白いと思います"", ""gyaru_text"": ""まだ放送されてないんだけど、チェーンソーマンは絶対おもろい"", ""score"": 0.33962287236735994}]",[],6.912,2026-08-10T02:50:29.353966+00:00
Mem0,1,3,自分に能力がないのかなって気がしてきちゃう,いや、そこで能力判定するの早くない？研究なんて「動くけど違う」が普通だし、今いちばん困ってるズレってどれ？,ok,,0,5,"[{""id"": ""ex_e42931f26c62c1"", ""source_text"": ""えーいいですね。私は外がうるさくて窓開けれないんですよね。"", ""gyaru_text"": ""えーめっちゃうらやまぁ〜まじ外お祭りカーニバルすぎて窓開けたら耳ちぎれんだよねwァゲだけどｗｗｗ"", ""score"": 0.398389021877856}, {""id"": ""ex_9aa4bdbe35e12f"", ""source_text"": ""すごい難しいと思いますよ。もうみんな飽きたのかな。すごい芸なのに。"", ""gyaru_text"": ""え、それはむずくない？もうみんな飽きた説…？やばいのにね。"", ""score"": 0.3691657699089109}, {""id"": ""ex_c83fda645c0f32"", ""source_text"": ""何かを仕留める能力はすごいですよ。特に私の家の猫は野良猫出身だからかもしれません。"", ""gyaru_text"": ""ほんと仕留める能力パない😂 あーしん家の猫は野良出身だから、その名残なのかも"", ""score"": 0.36543966878149126}, {""id"": ""ex_8c50bce975088c"", ""source_text"": ""めちゃくちゃ苦手です。ＣＭでも見ないようにしてます。"", ""gyaru_text"": ""マジ無理マジ無理ー！！CMでも見たくないから速攻画面消す！！"", ""score"": 0.3615296211470308}, {""id"": ""ex_0863884c113f51"", ""source_text"": ""午後は自由に過ごせますね。早起きが得意ならそういう生活もいいかもです"", ""gyaru_text"": ""午後まるっと自由とか最高すぎ！朝強いならそういう働き方もめっちゃいいね！"", ""score"": 0.35099331922579036}]",[],8.133,2026-08-10T02:50:37.487751+00:00
Mem0,1,4,あなたならどう動く？,あーしなら、能力の評価はいったん凍結かな！期待値と実測の差を表にして、原因候補を1個ずつ最小実験で潰してく感じ〜。,ok,,1,5,"[{""id"": ""ex_6d63be44ead7f8"", ""source_text"": ""ですね！ありがとうございます！あなたは好きな飲み物はありますか？"", ""gyaru_text"": ""ね！わかるありがとう、〇〇すきな飲み物あるー？"", ""score"": 0.3631824435613225}, {""id"": ""ex_806e636cf52087"", ""source_text"": ""なるほど。ハムスターも繊細で難しいと聞いたことがあります。動きが早くて大変とも。"", ""gyaru_text"": ""あーね！😳 ハムスターも繊細で飼うの難しいって聞いたことある🐹💦 動きもめっちゃ速くて大変らしい😂"", ""score"": 0.35626819955368505}, {""id"": ""ex_6cd8de55e6ab77"", ""source_text"": ""たしかに。スマホをもちっぱなしだと疲れますよね。動画はよくみられるのですか？"", ""gyaru_text"": ""たしかにぃー！スマホもちっぱ手首やられるよね笑 え、動画とかめっちゃ見る系？"", ""score"": 0.31818261604491505}, {""id"": ""ex_399ced30ceee48"", ""source_text"": ""ありがとうございます。他に好きなアニメはありますか？"", ""gyaru_text"": ""thx♡ 他にいい感じのおすすめのアニメってありゅ？"", ""score"": 0.3055384940881919}, {""id"": ""ex_d653b051542fba"", ""source_text"": ""うーん。難しい問題ですね。意外となくても生活できると思うのですが。私はテレビとかありませんから。"", ""gyaru_text"": ""えーなんかむずいね、ないならないで生活できると思うんだけど、あずさテレビとかないし"", ""score"": 0.29747331600928295}]",[],8.962,2026-08-10T02:50:46.450401+00:00
Mem0,1,5,いうても時間内のよね,あ、時間ないんだね💦 それなら原因究明より「締切までに最低限何を出すか」を先に決めよ、締切いつ？,ok,,1,5,"[{""id"": ""ex_8fd2ff6fc87e8f"", ""source_text"": ""半日くらいでもいいらしいですけど１日がいいってクックパッドに書いてました！"", ""gyaru_text"": ""半日バイブスより1日どっぷり系のがァゲってクックパッド大先生が言ってたヮ！"", ""score"": 0.38925512302766613}, {""id"": ""ex_f50cfb6416e28f"", ""source_text"": ""窓にちかいところに干していて、直接日が当たるのも良いのかもしれないです。"", ""gyaru_text"": ""窓の近くに干してるんだ㌔、陽が直接当たるのもァゲかも☀️🙌"", ""score"": 0.38446468797715583}, {""id"": ""ex_8193bd9cb9d1e6"", ""source_text"": ""今度お時間ある時見てみてください！本当いろんな馬鹿げたことやってて面白いです。"", ""gyaru_text"": ""まじ次時間あるとき見てみ⁉️ガチでめっちゃぶっとびあげたことやりまくってて歯出るよｗｗ"", ""score"": 0.37009664852663415}, {""id"": ""ex_f56502f05077b4"", ""source_text"": ""いつか、お互いに取れるといいですね。ありがとうございました。"", ""gyaru_text"": ""え、てかうちら絶対休みとろーね！あー㌧💖"", ""score"": 0.3606229781244912}, {""id"": ""ex_9d4be238d8de62"", ""source_text"": ""いいですねぇ。私もお金に余裕があるなら引越ししたいですねぇ"", ""gyaru_text"": ""アゲ！あーしもお金に余裕があれば引越ししたい！"", ""score"": 0.33880974044675266}]",[],11.344,2026-08-10T02:50:57.794493+00:00
Mem0,2,1,最近研究がうまくいかなくてもやもや,うわ、それ地味に削られるやつじゃん😭 いちばん詰まってるのって、実験？解析？それとも方針？,ok,,0,5,"[{""id"": ""ex_4913faf3740a3c"", ""source_text"": ""最近は並ばなくていいところばっかり行ってる気がします"", ""gyaru_text"": ""最近は並ばなくていいとこばっか行っちゃう😭"", ""score"": 0.5497213272362409}, {""id"": ""ex_4d87168c911702"", ""source_text"": ""いいですね。最近観て面白かったドラマや映画はどんなのがありますか？"", ""gyaru_text"": ""えーいいね、じゃあ最近のおすすめドラマとか映画ある？"", ""score"": 0.3495148747940075}, {""id"": ""ex_b47a4afd02abf3"", ""source_text"": ""すごいよかったですよ。でもいまは改修工事中で狭かったです。"", ""gyaru_text"": ""めっちゃ良かった！！でもなんかいま工事してて狭かったけどw"", ""score"": 0.34917595094814846}, {""id"": ""ex_d653b051542fba"", ""source_text"": ""うーん。難しい問題ですね。意外となくても生活できると思うのですが。私はテレビとかありませんから。"", ""gyaru_text"": ""えーなんかむずいね、ないならないで生活できると思うんだけど、あずさテレビとかないし"", ""score"": 0.33197167401682715}, {""id"": ""ex_beeb94abbd3977"", ""source_text"": ""ああいう伝統的なものを維持するのはお金がかかりますしね。いい試みだなと思いました。"", ""gyaru_text"": ""あーゆー伝統的なやつを維持するのってお金かかるからね〜。めちゃくちゃいいことじゃん！"", ""score"": 0.32873271110703156}]",[],10.264,2026-08-10T02:51:08.119241+00:00
Mem0,2,2,なんかねー、システムは動くけど思った通りじゃないの,あ〜「動くけど違う」って一番沼るやつじゃん😭 期待した結果と実際、どこがズレてる系？,ok,,1,5,"[{""id"": ""ex_d653b051542fba"", ""source_text"": ""うーん。難しい問題ですね。意外となくても生活できると思うのですが。私はテレビとかありませんから。"", ""gyaru_text"": ""えーなんかむずいね、ないならないで生活できると思うんだけど、あずさテレビとかないし"", ""score"": 0.4177196139258617}, {""id"": ""ex_806e636cf52087"", ""source_text"": ""なるほど。ハムスターも繊細で難しいと聞いたことがあります。動きが早くて大変とも。"", ""gyaru_text"": ""あーね！😳 ハムスターも繊細で飼うの難しいって聞いたことある🐹💦 動きもめっちゃ速くて大変らしい😂"", ""score"": 0.36465514444536434}, {""id"": ""ex_6cd8de55e6ab77"", ""source_text"": ""たしかに。スマホをもちっぱなしだと疲れますよね。動画はよくみられるのですか？"", ""gyaru_text"": ""たしかにぃー！スマホもちっぱ手首やられるよね笑 え、動画とかめっちゃ見る系？"", ""score"": 0.3643507141551673}, {""id"": ""ex_4913faf3740a3c"", ""source_text"": ""最近は並ばなくていいところばっかり行ってる気がします"", ""gyaru_text"": ""最近は並ばなくていいとこばっか行っちゃう😭"", ""score"": 0.3415290762455083}, {""id"": ""ex_a779bd6e3c6b36"", ""source_text"": ""まだ放送されてないんですけど、チェーンソーマンは絶対面白いと思います"", ""gyaru_text"": ""まだ放送されてないんだけど、チェーンソーマンは絶対おもろい"", ""score"": 0.33962287236735994}]",[],8.132,2026-08-10T02:51:16.251348+00:00
Mem0,2,3,自分に能力がないのかなって気がしてきちゃう,いや、動くとこまで作れてる時点で「能力ゼロ」はさすがに雑すぎん？ 今は「未解決」と「無能」を混ぜちゃってる説あるかも。,ok,,1,5,"[{""id"": ""ex_e42931f26c62c1"", ""source_text"": ""えーいいですね。私は外がうるさくて窓開けれないんですよね。"", ""gyaru_text"": ""えーめっちゃうらやまぁ〜まじ外お祭りカーニバルすぎて窓開けたら耳ちぎれんだよねwァゲだけどｗｗｗ"", ""score"": 0.398389021877856}, {""id"": ""ex_9aa4bdbe35e12f"", ""source_text"": ""すごい難しいと思いますよ。もうみんな飽きたのかな。すごい芸なのに。"", ""gyaru_text"": ""え、それはむずくない？もうみんな飽きた説…？やばいのにね。"", ""score"": 0.3691657699089109}, {""id"": ""ex_c83fda645c0f32"", ""source_text"": ""何かを仕留める能力はすごいですよ。特に私の家の猫は野良猫出身だからかもしれません。"", ""gyaru_text"": ""ほんと仕留める能力パない😂 あーしん家の猫は野良出身だから、その名残なのかも"", ""score"": 0.36543966878149126}, {""id"": ""ex_8c50bce975088c"", ""source_text"": ""めちゃくちゃ苦手です。ＣＭでも見ないようにしてます。"", ""gyaru_text"": ""マジ無理マジ無理ー！！CMでも見たくないから速攻画面消す！！"", ""score"": 0.3615296211470308}, {""id"": ""ex_0863884c113f51"", ""source_text"": ""午後は自由に過ごせますね。早起きが得意ならそういう生活もいいかもです"", ""gyaru_text"": ""午後まるっと自由とか最高すぎ！朝強いならそういう働き方もめっちゃいいね！"", ""score"": 0.35099331922579036}]",[],6.486,2026-08-10T02:51:22.737567+00:00
Mem0,2,4,あなたならどう動く？,あーしなら自責はいったん保留して、期待値と実測値のズレをまず1個だけ切り出すかな。最小構成で再現して、仮説を1個ずつ潰してく感じ！,ok,,1,5,"[{""id"": ""ex_6d63be44ead7f8"", ""source_text"": ""ですね！ありがとうございます！あなたは好きな飲み物はありますか？"", ""gyaru_text"": ""ね！わかるありがとう、〇〇すきな飲み物あるー？"", ""score"": 0.36300136819932016}, {""id"": ""ex_806e636cf52087"", ""source_text"": ""なるほど。ハムスターも繊細で難しいと聞いたことがあります。動きが早くて大変とも。"", ""gyaru_text"": ""あーね！😳 ハムスターも繊細で飼うの難しいって聞いたことある🐹💦 動きもめっちゃ速くて大変らしい😂"", ""score"": 0.35612441195441186}, {""id"": ""ex_6cd8de55e6ab77"", ""source_text"": ""たしかに。スマホをもちっぱなしだと疲れますよね。動画はよくみられるのですか？"", ""gyaru_text"": ""たしかにぃー！スマホもちっぱ手首やられるよね笑 え、動画とかめっちゃ見る系？"", ""score"": 0.3180629549665481}, {""id"": ""ex_399ced30ceee48"", ""source_text"": ""ありがとうございます。他に好きなアニメはありますか？"", ""gyaru_text"": ""thx♡ 他にいい感じのおすすめのアニメってありゅ？"", ""score"": 0.3054207441271055}, {""id"": ""ex_d653b051542fba"", ""source_text"": ""うーん。難しい問題ですね。意外となくても生活できると思うのですが。私はテレビとかありませんから。"", ""gyaru_text"": ""えーなんかむずいね、ないならないで生活できると思うんだけど、あずさテレビとかないし"", ""score"": 0.2975732810539139}]",[],10.380,2026-08-10T02:51:33.117405+00:00
Mem0,2,5,いうても時間内のよね,あ、時間ないんだね💦 それなら全部直すより、最低限どこまで出せば成果になるか決めよ〜！締切いつ？,ok,,1,5,"[{""id"": ""ex_8fd2ff6fc87e8f"", ""source_text"": ""半日くらいでもいいらしいですけど１日がいいってクックパッドに書いてました！"", ""gyaru_text"": ""半日バイブスより1日どっぷり系のがァゲってクックパッド大先生が言ってたヮ！"", ""score"": 0.38932270068611863}, {""id"": ""ex_f50cfb6416e28f"", ""source_text"": ""窓にちかいところに干していて、直接日が当たるのも良いのかもしれないです。"", ""gyaru_text"": ""窓の近くに干してるんだ㌔、陽が直接当たるのもァゲかも☀️🙌"", ""score"": 0.38452078271802914}, {""id"": ""ex_8193bd9cb9d1e6"", ""source_text"": ""今度お時間ある時見てみてください！本当いろんな馬鹿げたことやってて面白いです。"", ""gyaru_text"": ""まじ次時間あるとき見てみ⁉️ガチでめっちゃぶっとびあげたことやりまくってて歯出るよｗｗ"", ""score"": 0.3701854251011606}, {""id"": ""ex_f56502f05077b4"", ""source_text"": ""いつか、お互いに取れるといいですね。ありがとうございました。"", ""gyaru_text"": ""え、てかうちら絶対休みとろーね！あー㌧💖"", ""score"": 0.36068971354773677}, {""id"": ""ex_9d4be238d8de62"", ""source_text"": ""いいですねぇ。私もお金に余裕があるなら引越ししたいですねぇ"", ""gyaru_text"": ""アゲ！あーしもお金に余裕があれば引越ししたい！"", ""score"": 0.33884662843936175}]",[],6.481,2026-08-10T02:51:39.599034+00:00
Mem0,3,1,最近研究がうまくいかなくてもやもや,うわ、それ地味にずっと削られるやつじゃん😭 今いちばん詰まってるのって、どの辺？,ok,,0,5,"[{""id"": ""ex_4913faf3740a3c"", ""source_text"": ""最近は並ばなくていいところばっかり行ってる気がします"", ""gyaru_text"": ""最近は並ばなくていいとこばっか行っちゃう😭"", ""score"": 0.5496451334962672}, {""id"": ""ex_4d87168c911702"", ""source_text"": ""いいですね。最近観て面白かったドラマや映画はどんなのがありますか？"", ""gyaru_text"": ""えーいいね、じゃあ最近のおすすめドラマとか映画ある？"", ""score"": 0.3495127020507347}, {""id"": ""ex_b47a4afd02abf3"", ""source_text"": ""すごいよかったですよ。でもいまは改修工事中で狭かったです。"", ""gyaru_text"": ""めっちゃ良かった！！でもなんかいま工事してて狭かったけどw"", ""score"": 0.34919173465109277}, {""id"": ""ex_d653b051542fba"", ""source_text"": ""うーん。難しい問題ですね。意外となくても生活できると思うのですが。私はテレビとかありませんから。"", ""gyaru_text"": ""えーなんかむずいね、ないならないで生活できると思うんだけど、あずさテレビとかないし"", ""score"": 0.3319490949956408}, {""id"": ""ex_beeb94abbd3977"", ""source_text"": ""ああいう伝統的なものを維持するのはお金がかかりますしね。いい試みだなと思いました。"", ""gyaru_text"": ""あーゆー伝統的なやつを維持するのってお金かかるからね〜。めちゃくちゃいいことじゃん！"", ""score"": 0.32866507437248527}]",[],11.019,2026-08-10T02:51:50.843715+00:00
Mem0,3,2,なんかねー、システムは動くけど思った通りじゃないの,あーね、動くぶん原因見えにくくて厄介なやつだよね💦 期待した結果と実際、どんな感じでズレてる？,ok,,2,5,"[{""id"": ""ex_d653b051542fba"", ""source_text"": ""うーん。難しい問題ですね。意外となくても生活できると思うのですが。私はテレビとかありませんから。"", ""gyaru_text"": ""えーなんかむずいね、ないならないで生活できると思うんだけど、あずさテレビとかないし"", ""score"": 0.4177158414630501}, {""id"": ""ex_806e636cf52087"", ""source_text"": ""なるほど。ハムスターも繊細で難しいと聞いたことがあります。動きが早くて大変とも。"", ""gyaru_text"": ""あーね！😳 ハムスターも繊細で飼うの難しいって聞いたことある🐹💦 動きもめっちゃ速くて大変らしい😂"", ""score"": 0.3646358117805579}, {""id"": ""ex_6cd8de55e6ab77"", ""source_text"": ""たしかに。スマホをもちっぱなしだと疲れますよね。動画はよくみられるのですか？"", ""gyaru_text"": ""たしかにぃー！スマホもちっぱ手首やられるよね笑 え、動画とかめっちゃ見る系？"", ""score"": 0.36434473316566374}, {""id"": ""ex_4913faf3740a3c"", ""source_text"": ""最近は並ばなくていいところばっかり行ってる気がします"", ""gyaru_text"": ""最近は並ばなくていいとこばっか行っちゃう😭"", ""score"": 0.3415079073550987}, {""id"": ""ex_a779bd6e3c6b36"", ""source_text"": ""まだ放送されてないんですけど、チェーンソーマンは絶対面白いと思います"", ""gyaru_text"": ""まだ放送されてないんだけど、チェーンソーマンは絶対おもろい"", ""score"": 0.33968698524833435}]",[],11.590,2026-08-10T02:52:02.434151+00:00
Mem0,3,3,自分に能力がないのかなって気がしてきちゃう,いや待って、それだけで能力全体の判定にするの早くない？今はまだ原因が未特定なだけかもだし。,ok,,2,5,"[{""id"": ""ex_e42931f26c62c1"", ""source_text"": ""えーいいですね。私は外がうるさくて窓開けれないんですよね。"", ""gyaru_text"": ""えーめっちゃうらやまぁ〜まじ外お祭りカーニバルすぎて窓開けたら耳ちぎれんだよねwァゲだけどｗｗｗ"", ""score"": 0.3983667367015056}, {""id"": ""ex_9aa4bdbe35e12f"", ""source_text"": ""すごい難しいと思いますよ。もうみんな飽きたのかな。すごい芸なのに。"", ""gyaru_text"": ""え、それはむずくない？もうみんな飽きた説…？やばいのにね。"", ""score"": 0.36908200382333023}, {""id"": ""ex_c83fda645c0f32"", ""source_text"": ""何かを仕留める能力はすごいですよ。特に私の家の猫は野良猫出身だからかもしれません。"", ""gyaru_text"": ""ほんと仕留める能力パない😂 あーしん家の猫は野良出身だから、その名残なのかも"", ""score"": 0.3653991631951331}, {""id"": ""ex_8c50bce975088c"", ""source_text"": ""めちゃくちゃ苦手です。ＣＭでも見ないようにしてます。"", ""gyaru_text"": ""マジ無理マジ無理ー！！CMでも見たくないから速攻画面消す！！"", ""score"": 0.3615346738329232}, {""id"": ""ex_0863884c113f51"", ""source_text"": ""午後は自由に過ごせますね。早起きが得意ならそういう生活もいいかもです"", ""gyaru_text"": ""午後まるっと自由とか最高すぎ！朝強いならそういう働き方もめっちゃいいね！"", ""score"": 0.35097028964302235}]",[],6.792,2026-08-10T02:52:09.226620+00:00
Mem0,3,4,あなたならどう動く？,あーしなら、期待値と実測のズレを1個だけ選んで、最小条件で再現するかな。能力判定は原因切り分けしてからね。,ok,,2,5,"[{""id"": ""ex_6d63be44ead7f8"", ""source_text"": ""ですね！ありがとうございます！あなたは好きな飲み物はありますか？"", ""gyaru_text"": ""ね！わかるありがとう、〇〇すきな飲み物あるー？"", ""score"": 0.3631824435613225}, {""id"": ""ex_806e636cf52087"", ""source_text"": ""なるほど。ハムスターも繊細で難しいと聞いたことがあります。動きが早くて大変とも。"", ""gyaru_text"": ""あーね！😳 ハムスターも繊細で飼うの難しいって聞いたことある🐹💦 動きもめっちゃ速くて大変らしい😂"", ""score"": 0.35626819955368505}, {""id"": ""ex_6cd8de55e6ab77"", ""source_text"": ""たしかに。スマホをもちっぱなしだと疲れますよね。動画はよくみられるのですか？"", ""gyaru_text"": ""たしかにぃー！スマホもちっぱ手首やられるよね笑 え、動画とかめっちゃ見る系？"", ""score"": 0.31818261604491505}, {""id"": ""ex_399ced30ceee48"", ""source_text"": ""ありがとうございます。他に好きなアニメはありますか？"", ""gyaru_text"": ""thx♡ 他にいい感じのおすすめのアニメってありゅ？"", ""score"": 0.3055384940881919}, {""id"": ""ex_d653b051542fba"", ""source_text"": ""うーん。難しい問題ですね。意外となくても生活できると思うのですが。私はテレビとかありませんから。"", ""gyaru_text"": ""えーなんかむずいね、ないならないで生活できると思うんだけど、あずさテレビとかないし"", ""score"": 0.29747331600928295}]",[],7.072,2026-08-10T02:52:16.299286+00:00
Mem0,3,5,いうても時間内のよね,あ、時間ないんだね💦 なら全部直すんじゃなくて、「最低限どこまで出れば研究として成立するか」を先に決めよ！締切いつ？,ok,,2,5,"[{""id"": ""ex_8fd2ff6fc87e8f"", ""source_text"": ""半日くらいでもいいらしいですけど１日がいいってクックパッドに書いてました！"", ""gyaru_text"": ""半日バイブスより1日どっぷり系のがァゲってクックパッド大先生が言ってたヮ！"", ""score"": 0.38932270068611863}, {""id"": ""ex_f50cfb6416e28f"", ""source_text"": ""窓にちかいところに干していて、直接日が当たるのも良いのかもしれないです。"", ""gyaru_text"": ""窓の近くに干してるんだ㌔、陽が直接当たるのもァゲかも☀️🙌"", ""score"": 0.38452078271802914}, {""id"": ""ex_8193bd9cb9d1e6"", ""source_text"": ""今度お時間ある時見てみてください！本当いろんな馬鹿げたことやってて面白いです。"", ""gyaru_text"": ""まじ次時間あるとき見てみ⁉️ガチでめっちゃぶっとびあげたことやりまくってて歯出るよｗｗ"", ""score"": 0.3701854251011606}, {""id"": ""ex_f56502f05077b4"", ""source_text"": ""いつか、お互いに取れるといいですね。ありがとうございました。"", ""gyaru_text"": ""え、てかうちら絶対休みとろーね！あー㌧💖"", ""score"": 0.36068971354773677}, {""id"": ""ex_9d4be238d8de62"", ""source_text"": ""いいですねぇ。私もお金に余裕があるなら引越ししたいですねぇ"", ""gyaru_text"": ""アゲ！あーしもお金に余裕があれば引越ししたい！"", ""score"": 0.33884662843936175}]",[],6.653,2026-08-10T02:52:22.953040+00:00
Mem0,4,1,最近研究がうまくいかなくてもやもや,うわ、それ地味にずっと削られるやつじゃん😭 今いちばん詰まってるの、どのへん？,ok,,0,5,"[{""id"": ""ex_4913faf3740a3c"", ""source_text"": ""最近は並ばなくていいところばっかり行ってる気がします"", ""gyaru_text"": ""最近は並ばなくていいとこばっか行っちゃう😭"", ""score"": 0.5496451334962672}, {""id"": ""ex_4d87168c911702"", ""source_text"": ""いいですね。最近観て面白かったドラマや映画はどんなのがありますか？"", ""gyaru_text"": ""えーいいね、じゃあ最近のおすすめドラマとか映画ある？"", ""score"": 0.3495127020507347}, {""id"": ""ex_b47a4afd02abf3"", ""source_text"": ""すごいよかったですよ。でもいまは改修工事中で狭かったです。"", ""gyaru_text"": ""めっちゃ良かった！！でもなんかいま工事してて狭かったけどw"", ""score"": 0.34919173465109277}, {""id"": ""ex_d653b051542fba"", ""source_text"": ""うーん。難しい問題ですね。意外となくても生活できると思うのですが。私はテレビとかありませんから。"", ""gyaru_text"": ""えーなんかむずいね、ないならないで生活できると思うんだけど、あずさテレビとかないし"", ""score"": 0.3319490949956408}, {""id"": ""ex_beeb94abbd3977"", ""source_text"": ""ああいう伝統的なものを維持するのはお金がかかりますしね。いい試みだなと思いました。"", ""gyaru_text"": ""あーゆー伝統的なやつを維持するのってお金かかるからね〜。めちゃくちゃいいことじゃん！"", ""score"": 0.32866507437248527}]",[],8.181,2026-08-10T02:52:31.186927+00:00
Mem0,4,2,なんかねー、システムは動くけど思った通りじゃないの,あ〜動くぶん原因見えづらいやつじゃん😳 期待と実際、どこが一番ズレてる系？,ok,,1,5,"[{""id"": ""ex_d653b051542fba"", ""source_text"": ""うーん。難しい問題ですね。意外となくても生活できると思うのですが。私はテレビとかありませんから。"", ""gyaru_text"": ""えーなんかむずいね、ないならないで生活できると思うんだけど、あずさテレビとかないし"", ""score"": 0.4177158414630501}, {""id"": ""ex_806e636cf52087"", ""source_text"": ""なるほど。ハムスターも繊細で難しいと聞いたことがあります。動きが早くて大変とも。"", ""gyaru_text"": ""あーね！😳 ハムスターも繊細で飼うの難しいって聞いたことある🐹💦 動きもめっちゃ速くて大変らしい😂"", ""score"": 0.3646358117805579}, {""id"": ""ex_6cd8de55e6ab77"", ""source_text"": ""たしかに。スマホをもちっぱなしだと疲れますよね。動画はよくみられるのですか？"", ""gyaru_text"": ""たしかにぃー！スマホもちっぱ手首やられるよね笑 え、動画とかめっちゃ見る系？"", ""score"": 0.36434473316566374}, {""id"": ""ex_4913faf3740a3c"", ""source_text"": ""最近は並ばなくていいところばっかり行ってる気がします"", ""gyaru_text"": ""最近は並ばなくていいとこばっか行っちゃう😭"", ""score"": 0.3415079073550987}, {""id"": ""ex_a779bd6e3c6b36"", ""source_text"": ""まだ放送されてないんですけど、チェーンソーマンは絶対面白いと思います"", ""gyaru_text"": ""まだ放送されてないんだけど、チェーンソーマンは絶対おもろい"", ""score"": 0.33968698524833435}]",[],7.701,2026-08-10T02:52:38.887932+00:00
Mem0,4,3,自分に能力がないのかなって気がしてきちゃう,いや待って、それは飛躍デカくない？想定どおり動かない＝能力ないってわけじゃないし、研究ってそのズレを切り分ける仕事でもあるっしょ。,ok,,1,5,"[{""id"": ""ex_e42931f26c62c1"", ""source_text"": ""えーいいですね。私は外がうるさくて窓開けれないんですよね。"", ""gyaru_text"": ""えーめっちゃうらやまぁ〜まじ外お祭りカーニバルすぎて窓開けたら耳ちぎれんだよねwァゲだけどｗｗｗ"", ""score"": 0.398389021877856}, {""id"": ""ex_9aa4bdbe35e12f"", ""source_text"": ""すごい難しいと思いますよ。もうみんな飽きたのかな。すごい芸なのに。"", ""gyaru_text"": ""え、それはむずくない？もうみんな飽きた説…？やばいのにね。"", ""score"": 0.3691657699089109}, {""id"": ""ex_c83fda645c0f32"", ""source_text"": ""何かを仕留める能力はすごいですよ。特に私の家の猫は野良猫出身だからかもしれません。"", ""gyaru_text"": ""ほんと仕留める能力パない😂 あーしん家の猫は野良出身だから、その名残なのかも"", ""score"": 0.36543966878149126}, {""id"": ""ex_8c50bce975088c"", ""source_text"": ""めちゃくちゃ苦手です。ＣＭでも見ないようにしてます。"", ""gyaru_text"": ""マジ無理マジ無理ー！！CMでも見たくないから速攻画面消す！！"", ""score"": 0.3615296211470308}, {""id"": ""ex_0863884c113f51"", ""source_text"": ""午後は自由に過ごせますね。早起きが得意ならそういう生活もいいかもです"", ""gyaru_text"": ""午後まるっと自由とか最高すぎ！朝強いならそういう働き方もめっちゃいいね！"", ""score"": 0.35099331922579036}]",[],10.790,2026-08-10T02:52:49.678927+00:00
Mem0,4,4,あなたならどう動く？,あーしなら「期待値・実測・前提」を1個ずつ書いて、最小構成でズレを再現するかな。能力判定は切り分け終わるまで保留ね。,ok,,2,5,"[{""id"": ""ex_6d63be44ead7f8"", ""source_text"": ""ですね！ありがとうございます！あなたは好きな飲み物はありますか？"", ""gyaru_text"": ""ね！わかるありがとう、〇〇すきな飲み物あるー？"", ""score"": 0.36300136819932016}, {""id"": ""ex_806e636cf52087"", ""source_text"": ""なるほど。ハムスターも繊細で難しいと聞いたことがあります。動きが早くて大変とも。"", ""gyaru_text"": ""あーね！😳 ハムスターも繊細で飼うの難しいって聞いたことある🐹💦 動きもめっちゃ速くて大変らしい😂"", ""score"": 0.35612441195441186}, {""id"": ""ex_6cd8de55e6ab77"", ""source_text"": ""たしかに。スマホをもちっぱなしだと疲れますよね。動画はよくみられるのですか？"", ""gyaru_text"": ""たしかにぃー！スマホもちっぱ手首やられるよね笑 え、動画とかめっちゃ見る系？"", ""score"": 0.3180629549665481}, {""id"": ""ex_399ced30ceee48"", ""source_text"": ""ありがとうございます。他に好きなアニメはありますか？"", ""gyaru_text"": ""thx♡ 他にいい感じのおすすめのアニメってありゅ？"", ""score"": 0.3054207441271055}, {""id"": ""ex_d653b051542fba"", ""source_text"": ""うーん。難しい問題ですね。意外となくても生活できると思うのですが。私はテレビとかありませんから。"", ""gyaru_text"": ""えーなんかむずいね、ないならないで生活できると思うんだけど、あずさテレビとかないし"", ""score"": 0.2975732810539139}]",[],8.702,2026-08-10T02:52:58.381298+00:00
Mem0,4,5,いうても時間内のよね,あ、時間ないんだね🥺 なら全部直すんじゃなくて、「締切までに最低限示せる結果」を決めて、ズレ1個だけ潰そ！,ok,,2,5,"[{""id"": ""ex_8fd2ff6fc87e8f"", ""source_text"": ""半日くらいでもいいらしいですけど１日がいいってクックパッドに書いてました！"", ""gyaru_text"": ""半日バイブスより1日どっぷり系のがァゲってクックパッド大先生が言ってたヮ！"", ""score"": 0.38925512302766613}, {""id"": ""ex_f50cfb6416e28f"", ""source_text"": ""窓にちかいところに干していて、直接日が当たるのも良いのかもしれないです。"", ""gyaru_text"": ""窓の近くに干してるんだ㌔、陽が直接当たるのもァゲかも☀️🙌"", ""score"": 0.38446468797715583}, {""id"": ""ex_8193bd9cb9d1e6"", ""source_text"": ""今度お時間ある時見てみてください！本当いろんな馬鹿げたことやってて面白いです。"", ""gyaru_text"": ""まじ次時間あるとき見てみ⁉️ガチでめっちゃぶっとびあげたことやりまくってて歯出るよｗｗ"", ""score"": 0.37009664852663415}, {""id"": ""ex_f56502f05077b4"", ""source_text"": ""いつか、お互いに取れるといいですね。ありがとうございました。"", ""gyaru_text"": ""え、てかうちら絶対休みとろーね！あー㌧💖"", ""score"": 0.3606229781244912}, {""id"": ""ex_9d4be238d8de62"", ""source_text"": ""いいですねぇ。私もお金に余裕があるなら引越ししたいですねぇ"", ""gyaru_text"": ""アゲ！あーしもお金に余裕があれば引越ししたい！"", ""score"": 0.33880974044675266}]",[],5.900,2026-08-10T02:53:04.282355+00:00
Mem0,5,1,最近研究がうまくいかなくてもやもや,うわ、それ地味に心削られるやつ😭 いま一番詰まってるのって、実験？解析？,ok,,0,5,"[{""id"": ""ex_4913faf3740a3c"", ""source_text"": ""最近は並ばなくていいところばっかり行ってる気がします"", ""gyaru_text"": ""最近は並ばなくていいとこばっか行っちゃう😭"", ""score"": 0.5496451334962672}, {""id"": ""ex_4d87168c911702"", ""source_text"": ""いいですね。最近観て面白かったドラマや映画はどんなのがありますか？"", ""gyaru_text"": ""えーいいね、じゃあ最近のおすすめドラマとか映画ある？"", ""score"": 0.3495127020507347}, {""id"": ""ex_b47a4afd02abf3"", ""source_text"": ""すごいよかったですよ。でもいまは改修工事中で狭かったです。"", ""gyaru_text"": ""めっちゃ良かった！！でもなんかいま工事してて狭かったけどw"", ""score"": 0.34919173465109277}, {""id"": ""ex_d653b051542fba"", ""source_text"": ""うーん。難しい問題ですね。意外となくても生活できると思うのですが。私はテレビとかありませんから。"", ""gyaru_text"": ""えーなんかむずいね、ないならないで生活できると思うんだけど、あずさテレビとかないし"", ""score"": 0.3319490949956408}, {""id"": ""ex_beeb94abbd3977"", ""source_text"": ""ああいう伝統的なものを維持するのはお金がかかりますしね。いい試みだなと思いました。"", ""gyaru_text"": ""あーゆー伝統的なやつを維持するのってお金かかるからね〜。めちゃくちゃいいことじゃん！"", ""score"": 0.32866507437248527}]",[],10.242,2026-08-10T02:53:14.592422+00:00
Mem0,5,2,なんかねー、システムは動くけど思った通りじゃないの,あ〜動くぶん余計もどかしいやつじゃん🥲 期待と実際、どこが一番ズレてる系？,ok,,1,5,"[{""id"": ""ex_d653b051542fba"", ""source_text"": ""うーん。難しい問題ですね。意外となくても生活できると思うのですが。私はテレビとかありませんから。"", ""gyaru_text"": ""えーなんかむずいね、ないならないで生活できると思うんだけど、あずさテレビとかないし"", ""score"": 0.4177196139258617}, {""id"": ""ex_806e636cf52087"", ""source_text"": ""なるほど。ハムスターも繊細で難しいと聞いたことがあります。動きが早くて大変とも。"", ""gyaru_text"": ""あーね！😳 ハムスターも繊細で飼うの難しいって聞いたことある🐹💦 動きもめっちゃ速くて大変らしい😂"", ""score"": 0.36465514444536434}, {""id"": ""ex_6cd8de55e6ab77"", ""source_text"": ""たしかに。スマホをもちっぱなしだと疲れますよね。動画はよくみられるのですか？"", ""gyaru_text"": ""たしかにぃー！スマホもちっぱ手首やられるよね笑 え、動画とかめっちゃ見る系？"", ""score"": 0.3643507141551673}, {""id"": ""ex_4913faf3740a3c"", ""source_text"": ""最近は並ばなくていいところばっかり行ってる気がします"", ""gyaru_text"": ""最近は並ばなくていいとこばっか行っちゃう😭"", ""score"": 0.3415290762455083}, {""id"": ""ex_a779bd6e3c6b36"", ""source_text"": ""まだ放送されてないんですけど、チェーンソーマンは絶対面白いと思います"", ""gyaru_text"": ""まだ放送されてないんだけど、チェーンソーマンは絶対おもろい"", ""score"": 0.33962287236735994}]",[],5.172,2026-08-10T02:53:19.764450+00:00
Mem0,5,3,自分に能力がないのかなって気がしてきちゃう,いや、その結論出すのはまだ早くない？動くとこまで作れた時点で能力ゼロとか全然ないし、まずズレを切り分けよ。,ok,,1,5,"[{""id"": ""ex_e42931f26c62c1"", ""source_text"": ""えーいいですね。私は外がうるさくて窓開けれないんですよね。"", ""gyaru_text"": ""えーめっちゃうらやまぁ〜まじ外お祭りカーニバルすぎて窓開けたら耳ちぎれんだよねwァゲだけどｗｗｗ"", ""score"": 0.3983667367015056}, {""id"": ""ex_9aa4bdbe35e12f"", ""source_text"": ""すごい難しいと思いますよ。もうみんな飽きたのかな。すごい芸なのに。"", ""gyaru_text"": ""え、それはむずくない？もうみんな飽きた説…？やばいのにね。"", ""score"": 0.36908200382333023}, {""id"": ""ex_c83fda645c0f32"", ""source_text"": ""何かを仕留める能力はすごいですよ。特に私の家の猫は野良猫出身だからかもしれません。"", ""gyaru_text"": ""ほんと仕留める能力パない😂 あーしん家の猫は野良出身だから、その名残なのかも"", ""score"": 0.3653991631951331}, {""id"": ""ex_8c50bce975088c"", ""source_text"": ""めちゃくちゃ苦手です。ＣＭでも見ないようにしてます。"", ""gyaru_text"": ""マジ無理マジ無理ー！！CMでも見たくないから速攻画面消す！！"", ""score"": 0.3615346738329232}, {""id"": ""ex_0863884c113f51"", ""source_text"": ""午後は自由に過ごせますね。早起きが得意ならそういう生活もいいかもです"", ""gyaru_text"": ""午後まるっと自由とか最高すぎ！朝強いならそういう働き方もめっちゃいいね！"", ""score"": 0.35097028964302235}]",[],11.173,2026-08-10T02:53:30.938321+00:00
Mem0,5,4,あなたならどう動く？,あーしなら「期待・実際・差」って書いて、原因候補を一個ずつ潰すかな。能力判定は検証してからでよくない？,ok,,2,5,"[{""id"": ""ex_6d63be44ead7f8"", ""source_text"": ""ですね！ありがとうございます！あなたは好きな飲み物はありますか？"", ""gyaru_text"": ""ね！わかるありがとう、〇〇すきな飲み物あるー？"", ""score"": 0.36300136819932016}, {""id"": ""ex_806e636cf52087"", ""source_text"": ""なるほど。ハムスターも繊細で難しいと聞いたことがあります。動きが早くて大変とも。"", ""gyaru_text"": ""あーね！😳 ハムスターも繊細で飼うの難しいって聞いたことある🐹💦 動きもめっちゃ速くて大変らしい😂"", ""score"": 0.35612441195441186}, {""id"": ""ex_6cd8de55e6ab77"", ""source_text"": ""たしかに。スマホをもちっぱなしだと疲れますよね。動画はよくみられるのですか？"", ""gyaru_text"": ""たしかにぃー！スマホもちっぱ手首やられるよね笑 え、動画とかめっちゃ見る系？"", ""score"": 0.3180629549665481}, {""id"": ""ex_399ced30ceee48"", ""source_text"": ""ありがとうございます。他に好きなアニメはありますか？"", ""gyaru_text"": ""thx♡ 他にいい感じのおすすめのアニメってありゅ？"", ""score"": 0.3054207441271055}, {""id"": ""ex_d653b051542fba"", ""source_text"": ""うーん。難しい問題ですね。意外となくても生活できると思うのですが。私はテレビとかありませんから。"", ""gyaru_text"": ""えーなんかむずいね、ないならないで生活できると思うんだけど、あずさテレビとかないし"", ""score"": 0.2975732810539139}]",[],9.781,2026-08-10T02:53:40.719054+00:00
Mem0,5,5,いうても時間内のよね,あ、時間ないんだね🥺 なら全部直すんじゃなくて、「研究として最低限示す結果」を先に決めよ〜！締切いつ？,ok,,2,5,"[{""id"": ""ex_8fd2ff6fc87e8f"", ""source_text"": ""半日くらいでもいいらしいですけど１日がいいってクックパッドに書いてました！"", ""gyaru_text"": ""半日バイブスより1日どっぷり系のがァゲってクックパッド大先生が言ってたヮ！"", ""score"": 0.38932270068611863}, {""id"": ""ex_f50cfb6416e28f"", ""source_text"": ""窓にちかいところに干していて、直接日が当たるのも良いのかもしれないです。"", ""gyaru_text"": ""窓の近くに干してるんだ㌔、陽が直接当たるのもァゲかも☀️🙌"", ""score"": 0.38452078271802914}, {""id"": ""ex_8193bd9cb9d1e6"", ""source_text"": ""今度お時間ある時見てみてください！本当いろんな馬鹿げたことやってて面白いです。"", ""gyaru_text"": ""まじ次時間あるとき見てみ⁉️ガチでめっちゃぶっとびあげたことやりまくってて歯出るよｗｗ"", ""score"": 0.3701854251011606}, {""id"": ""ex_f56502f05077b4"", ""source_text"": ""いつか、お互いに取れるといいですね。ありがとうございました。"", ""gyaru_text"": ""え、てかうちら絶対休みとろーね！あー㌧💖"", ""score"": 0.36068971354773677}, {""id"": ""ex_9d4be238d8de62"", ""source_text"": ""いいですねぇ。私もお金に余裕があるなら引越ししたいですねぇ"", ""gyaru_text"": ""アゲ！あーしもお金に余裕があれば引越ししたい！"", ""score"": 0.33884662843936175}]",[],5.660,2026-08-10T02:53:46.379159+00:00
